,a,aː,ã,b,d,d͡ʑ,e,eː,ẽ,f,h,i,iː,ĩ,j,k,l,m,n,o,oː,õ,p,s,t,t͡ɕ,u,v,w,z,æ,ð,ŋ,ɑ,ɔ,ɕ,ə,ɛ,ɡ,ɥ,ɪ,ɯ,ɯː,ɯ̃,ɰ,ɲ,ɴ,ɸ,ɹ,ɾ,ʀ,ʃ,ʊ,ʌ,ʑ,ʒ,ʔ,θ
good,0.09949469580243633,0.0903986394405365,0.12923892214894295,0.08067883530772534,0.12583705286184946,0.11465879529714584,0.09092628624704151,,,0.041580145402501024,0.07512773701455444,0.09690511158752138,0.08834114670753479,0.13778603821992874,0.09682253033293096,0.09319819109301308,0.1160355978888125,0.10131941500444416,0.10690808070382926,0.10039547777145469,,0.11904262006282806,0.09599173607699363,0.08380416386360713,0.11141737619958197,0.14163457984859879,0.08047873032792734,,0.052091036733976984,0.09930142547403063,0.029044225811958313,,0.130166904609592,0.06818138861230441,0.07897802516818046,0.11976720678309599,0.11043525917770027,0.12775126140978602,0.13599206412247583,,0.11807944718748331,0.13231591313491617,0.12335822731256485,0.11747809251149495,0.12195938562645632,0.1067986282416516,0.11120220071946581,0.12209819257259369,0.12804701179265976,0.12678351268793145,0.1092362745354573,0.04358206782490015,,0.10033750866672822,0.11913155950605869,,0.10361751646269113,
bad,0.028102746749041126,0.024704713723622262,0.022463491186499596,0.030322832050012665,0.036942119636098746,0.035157087602113425,0.026738799384037403,0.022234649397432804,0.02141554467380047,0.025133056752183282,0.025912861397955567,0.027508175457019994,0.023861034773290157,,0.026278306773934536,0.027538229642353328,0.029569931462298405,0.027994222509768234,0.03045340463201101,0.024633865549933805,0.02148771844804287,0.026112125255167484,0.028269894072026888,0.028021738963310595,0.029543643622153427,0.03495474628745073,0.023804458659962096,0.021088032539756524,0.024375320703146002,0.02642250011594575,0.02623412914482164,,0.02760988336430561,0.02660519824851127,0.02588034013304143,0.03118624478236012,0.03101030172285985,0.02742508281693325,0.029149416593947642,0.02349197134996454,0.02839816540980072,0.03412372414162665,0.026763314800336956,,0.03157868795096874,0.028720091423019768,0.02876326238253602,0.03315784666864645,0.02794177841576861,0.03285528017351261,0.025057430913339753,0.025872098379372772,0.02689814567565918,0.033631000675970864,0.03167470567154162,,0.02894448278390843,0.026824153261259198
beautiful,0.097436155345352,0.10329096764326096,0.12356797605752945,0.08320776504222993,0.09584977431222796,0.11351294443011284,0.13130440469831228,,,0.09388448158279061,0.06274051426185502,0.09158273405964451,0.11732012629508973,0.13499344885349274,0.0954489284583057,0.09576994640872397,0.11582555123525821,0.09540680295975898,0.10129426956354151,0.08203705996274949,,0.1287834495306015,0.11131655765851414,0.08078413353762062,0.10764466650196648,0.13243716550541335,0.08046142464003492,,0.07545462530106306,0.08265204168856144,0.11974398046731949,,0.118249997753677,0.06346631795167923,0.07013062511881192,0.11887094945363376,0.1152946740969435,0.10344698559492826,0.1237849909812212,0.09409760178199836,0.10833012674222975,0.12629691327318282,0.10491839051246643,0.12511448562145233,0.11845911826406207,0.1045334893944008,0.11469857953488827,0.11674692752686414,0.08778262380510568,0.1219439973624853,0.09907909786259686,0.06158825233578682,,0.09290455779992043,0.11650053411722183,,0.11043047495186328,
ugly,0.08932725534255208,0.07727440612183677,0.07087279111146927,0.09245328696945974,0.09998343095004818,0.1104380807114972,0.09452705261387873,0.07338590361177921,0.06892940402030945,0.0818070989090881,0.08423599835139767,0.08967710598076356,0.07357277278788388,,0.08470374389847873,0.09186866494409757,0.09735174445061516,0.09000038108432759,0.10350266124374044,0.08220563052697874,0.07190508022904396,0.08258258923888206,0.09662690233192495,0.08934111050407674,0.09901712401263993,0.11865605086919184,0.07928930249505385,0.07596472253402074,0.0790911226587256,0.08806865652294175,0.08842196833433175,,0.09474205440655185,0.09397441446781159,0.08812664432779832,0.10212341792784728,0.10022652761803733,0.09617992727304488,0.09780253077625604,0.0930534792797906,0.09829668120409434,0.11235127124198518,0.08733487528349672,,0.10195415204062182,0.09456679845849672,0.09625817428935658,0.10494137023176466,0.09646730071090791,0.10853982031345367,0.08418553754044093,0.09167894369376631,0.10433809906244278,0.11468353876829052,0.10466416925191879,,0.09494010657072068,0.10345899934569995
pleasant,0.09740405844460588,0.07148917737816061,0.1210535280406475,0.08066426331159356,0.10649592608499986,0.11949558556079865,0.08060793845523229,,,0.06576335906154579,0.06339982061592095,0.09093951040780951,0.10469613969326019,0.12781835719943047,0.08489466365165904,0.09424508441123179,0.11003241822537448,0.09469047557577934,0.11050194802049701,0.08523392111767299,0.07148469053208828,0.12077866122126579,0.10496344441436092,0.0945334158946955,0.10417565150182326,0.12887733318991418,0.07598706910769777,,0.07347134270224123,0.08791415791012465,0.08177115448883601,,0.10965470810959681,0.07503077660042506,0.07742288237851527,0.11381424606047771,0.10375575859560615,0.12282824872390313,0.10128245480535995,0.07955352081493898,0.10139321694150567,0.12210918539329646,0.10603304342790083,0.11097896546125412,0.11514340051346356,0.10016938598294343,0.10095160701514586,0.1134526330445494,0.08925111070275307,0.11388452945465452,0.09713809925949934,0.029624439030885696,,0.0954341313180824,0.10836215317249298,,0.09636533781125838,
unpleasant,0.08735091329875044,0.08374265550325315,0.09759128540754318,0.09359788458878297,0.09897130838558504,0.10935607095879893,0.08826070319025406,0.0732279447838664,0.0747007429599762,0.07888855496792337,0.08315623690886004,0.08920076870635595,0.07741510021415623,0.07980883121490479,0.08333536437487331,0.09229526206039415,0.09538631786630136,0.09182829466845534,0.10083980812067395,0.08339472702932346,0.07107966858893633,0.09433120985825856,0.09307936713259571,0.09231009771387072,0.09413159899981545,0.11502512508302878,0.07617106749833592,0.07142432987152993,0.0808136116753896,0.08387036457949144,0.08772088389681733,0.08909541368484497,0.09615088376690703,0.09134404924274846,0.08847525013405104,0.10446913713323218,0.0992665883782949,0.09456172314918981,0.0985369423569179,0.08704356042047341,0.09390920355588525,0.11231217582811731,0.09053764480984572,,0.10021545048113223,0.09719524964414261,0.09819767391809853,0.11200345409187404,0.0949284711207908,0.10703498743853326,0.0853164730723514,0.08371397828389154,0.0974608302116394,0.10922822834552151,0.10457602163424363,0.07680758833885193,0.09528289189965454,0.09547664523124695
strong,0.1064232752669093,0.10017131327798492,0.12935057654976845,0.11538265808734505,0.1275945994640804,0.1667134905854861,0.11037519400318463,0.0779545665718615,0.11314541846513748,0.08423584267791165,0.09489242760464549,0.11418445653640395,0.09814050327986479,0.15523965656757355,0.1039782942930917,0.1174313599838849,0.11746784040594149,0.11121659984044924,0.12929123624544067,0.1002471190210486,0.039980536326766014,0.10928429663181305,0.11729480169056358,0.11095953690407971,0.12269217793786794,0.1540826578296732,0.08866070526219257,0.06728488014101289,0.0831324398799879,0.09869563278563796,0.08891911775458093,,0.11337039587926903,0.10358199443122963,0.10069220054620531,0.14232377399195423,0.1320954363184796,0.11257084478142758,0.12203492800242514,0.07533818084214415,0.11110853208228946,0.14612553066653347,0.11664010721313603,,0.12285513597829588,0.1017104675328093,0.12038587388815358,0.13495079827095782,0.1154819562099874,0.14731643445513867,0.10042231899030783,0.09043006389812247,0.04410921037197113,0.13515327662428792,0.15952354110777378,,0.11414468720430086,0.09311634195702416
weak,0.03424051469151621,0.031576344950331584,0.04075240530073643,0.03264812311181464,0.03572760648791485,0.04167818402250608,0.0304356158362605,,,0.029579645500171402,0.029363093125061503,0.032956236791117755,0.03478278083105882,0.041090985760092735,0.03380349455868048,0.0340265523283832,0.035501040292488,0.033214848065366565,0.038187104159839114,0.030247961375186944,0.026315171892444294,0.04074491932988167,0.03471136317355296,0.03366966218391801,0.03460642121091039,0.041645444482163965,0.02806246116899902,0.03876243717968464,0.03394098534990081,0.03185266882356771,0.0343323674518615,0.03600639849901199,0.03656563777733138,0.03244180020151867,0.03132635246611041,0.040567757920003854,0.03734263420541076,0.03737493404181854,0.035253274525727935,0.03164697173786791,0.03467974707114795,0.04310964169738916,0.03642122927857073,0.042641202360391615,0.04305286462540212,0.036762274079956116,0.03624895244138315,0.043707975220900995,0.035035428867952245,0.040020455207143514,0.033836470036344095,0.0307988548418507,0.041091671834389366,0.03962894208347127,0.03836655636367045,0.03270408511161804,0.034959310588116445,0.03890889585018158
big,0.11913913383683145,0.10938387910925573,0.13476872071623802,0.1393438808647435,0.14453279661058685,0.1668554636148306,0.12906432324146777,0.08692381903529167,0.1183466985821724,0.08567888633244566,0.10426865011488229,0.1387291224422392,0.10936733782291412,0.16628611087799072,0.13238291869250435,0.13591755112069057,0.13281786520413866,0.12575451285943895,0.14823785720422109,0.11438742760410686,0.04306679591536522,0.1123969778418541,0.13426214326488692,0.13009778302373542,0.14148311990539245,0.16774185398413288,0.09941333952066196,0.05423744075621168,0.0894122685861688,0.15003439795876305,0.09462493650304775,,0.11531755734492369,0.11337550202349447,0.10330402176827191,0.15733812615837692,0.13621998712281014,0.15295168362332112,0.13625404685038747,,0.14756602079917988,0.16179261249258653,0.10692696678249733,,0.13260563671588899,0.10259686186909675,0.13135187748215488,0.15187484451702662,0.1246808401224288,0.16346623711287975,0.10151294581250313,0.1085583308253273,0.040995944291353226,0.15355794530427247,0.16677294174830118,,0.11797034954827912,0.11538893676229886
small,0.03587912473008796,0.03174521255173853,0.04036685824394226,0.034046485576601254,0.03579677789967659,0.042182247730947676,0.03686122399519613,,,0.031197475924816004,0.03199336010341843,0.034418238114085356,0.03291663476689295,0.03982111066579819,0.033563461199389875,0.03528317723991924,0.037273893030386314,0.0342658545698484,0.0399421312587899,0.03345136215250507,0.027797816321253777,0.0422334298491478,0.03709174738623837,0.03511481237945405,0.03731813782389344,0.04297208276141454,0.029899374501403037,0.029933614656329155,0.0334781499685248,0.033080309214815216,0.03441419967760642,0.03495170548558235,0.03668095391545909,0.0358347291177189,0.03387023604268001,0.04086324508175438,0.03878876467642516,0.035828606543382484,0.035390220249855456,0.03428458557887511,0.036202687096405534,0.04377216932666994,0.03703761687502265,0.044695982709527016,0.04257825956396435,0.03307987417969288,0.037565242652207204,0.04434759897941893,0.03552314687682235,0.04066225952790146,0.03465300270666679,0.03251811867351156,0.051763106137514114,0.04073531746664749,0.04158219204921471,,0.036687215051517404,0.03635087162256241
rugged,0.23657574072958995,0.21891636199184827,0.2868824750185013,0.2520222447675584,0.28295963429440696,0.37142268896102903,0.23871616661715633,0.1632675752043724,0.23225238919258118,0.1713057833530202,0.21334550019708418,0.259550284166844,0.22130624663371307,0.3252120018005371,0.23833025953718298,0.25683968373023636,0.2510108437431215,0.24405848578652795,0.28913835669587645,0.22322705052193254,0.09157197549939156,0.29307500272989273,0.23847596694452922,0.25090744052484826,0.27377881682459815,0.3267401501558844,0.1886094050069688,0.1744757436397599,0.20071870067645495,0.2226501791427533,0.1969409796098868,,0.23855152633144155,0.218091284578785,0.2184202138404801,0.31242863073484184,0.284039553524547,0.24433121966099103,0.2658301669170968,0.2516868695616722,0.27368141938064056,0.32113186057189247,0.23732770835199662,,0.2764394839222615,0.23305704149728018,0.2607261281340353,0.3036063606185572,0.26000690367897,0.35055230816533745,0.23120827103654543,0.1967597547142456,0.2152485504746437,0.2892739476784708,0.34279955465060014,0.24460773169994354,0.24644323082073874,0.22707440704107285
delicate,0.0817585181236876,0.07004911655729468,0.0973389632999897,0.07273802048225393,0.08373675088986865,0.09724151343107224,0.07804971273810148,,,0.06753064544969484,0.06927063386237867,0.07731508542363827,0.07700695237144828,0.09486733935773373,0.07947454000536429,0.07992224254311248,0.08261077631865299,0.0807601584511626,0.08896494600823517,0.07353033814841205,0.06034428129593531,0.10030438005924225,0.08394012776499571,0.07764815172439346,0.08127118874254607,0.10266411926245392,0.0658710393645872,0.06245750002563,0.06744395000733873,0.07218530030335162,0.07928543803947312,0.07999177277088165,0.08569795937140182,0.07343139233333724,0.07364387954688734,0.09485922930604321,0.08588291871312417,0.08585610535888993,0.08723813234655946,0.07668577022850513,0.07935280431756529,0.10216746314277085,0.08515385402874513,0.09568081796169281,0.09912432223558426,0.08495244070266683,0.08917493958558355,0.0996940365433693,0.07742797546088695,0.09410019336369237,0.07776128671179383,0.07335821144721087,,0.09011843579385798,0.09460881402095159,,0.08396687937226702,0.09485611319541931
active,0.09765819040484117,0.08193203079558554,0.10908249765634537,0.09767317868988395,0.1107638544252303,0.1410133210213288,0.0931541736822064,0.06208819570019841,0.09002941846847534,0.07135702226088532,0.0786424343619237,0.0921432461636664,0.08993380406702106,0.11064622551202774,0.09062566845436804,0.10057539938955884,0.10325885024539909,0.09884070056224836,0.11483183032248045,0.0846416012685418,0.034553639590740204,0.11497603356838226,0.09808777279436268,0.09509486421577146,0.10552069515729151,0.13200204634333249,0.07687845043478816,0.07510165140210162,0.07530392812097203,0.07872606889125579,0.0770373870271133,,0.09479973027663291,0.08565653301775455,0.08136455794912326,0.11784707380180386,0.1069457806109665,0.08873525746398175,0.10356331260653139,0.07286040919522445,0.09271510275640736,0.12524659848461767,0.09895844099133513,0.1144740842282772,0.10040186956524849,0.09647862762424417,0.1041501603439587,0.11266124408159937,0.09624029350522746,0.12605290546047468,0.09015610734610979,0.07354839498099561,0.10020138835534453,0.11619771961533182,0.13348011821508407,0.0947849228978157,0.09367615110644205,0.09374188342028195
passive,0.09187072406802016,0.07620429545640946,0.10473160073161125,0.08442279666949655,0.09459678730312383,0.1047718819034727,0.08542368508130312,,,0.07234966406679672,0.08184470929205417,0.09160621124186685,0.07978491165808269,0.10996239384015401,0.08219084475810329,0.08985079146604372,0.09302674036377312,0.08152016476121579,0.09835354345069175,0.09588947333382108,0.07064621336758137,0.0995246817668279,0.09371376614320263,0.08392274443941183,0.09854690572570285,0.11190238724574403,0.07393085826020207,0.04874035343527794,0.08387094459524662,0.08223704653126852,0.09020501654595137,0.08603791147470474,0.1033345827092207,0.08845005988290436,0.08466806006617844,0.10135305061554298,0.09718512052781561,0.09828523766153897,0.09407812249357228,0.07757751146952312,0.09545571067266995,0.113106534401197,0.08497347906231881,0.10542611281077068,0.10844898775771812,0.10092660516500473,0.09863928232628566,0.11093893398841222,0.09733232669532299,0.10641329813488694,0.08150066816735835,0.08288556727625075,,0.09820551058620816,0.10062837827464809,,0.09383493973339191,0.08941807101170222
fast,0.11589219721277617,0.10175691762318213,0.13625516183674335,0.11881597226435774,0.13367714629998703,0.16839056834578514,0.10650576419951557,0.0780753344297409,,0.0926017804830003,0.09592175276414258,0.1154656040594366,0.12059956055600196,0.13594943657517433,0.11321283757053201,0.12179319058906704,0.12516002879999358,0.1151171506005379,0.13815886054003454,0.0980411685376699,0.0419783890247345,,0.11828752794525682,0.11345590837062304,0.12547128579647787,0.15746325809641976,0.0945779930190505,0.08171316266355172,0.08995884682730663,0.10294167615694537,0.09610857083346726,,0.11285393412141717,0.1048958951004726,0.11112781585515699,0.14064689393226917,0.1392735698214489,0.11204568782302081,0.1234802740872612,0.08306239749349299,0.11216750732787392,0.14921097402598166,0.12753942222506912,0.14134230464696884,0.12446917623281478,0.09092067135497928,0.12554936561429378,0.14121267311275004,0.1227509383504328,0.15168890893180795,0.10472876794769295,0.09067801585382095,0.12155634785691898,0.14317973867611128,0.16665318472818894,,0.11694707668253354,0.09567394852638245
slow,0.03696687061056172,0.033520483411848545,0.038088869924346604,0.03567671317887367,0.03857888330251755,0.04656504331664606,0.031977793598099546,,0.029381921514868736,0.03231357819433406,0.03188096202740615,0.037365277993950195,0.03447770785826903,0.049223436042666435,0.03502490775918126,0.03761919261201385,0.038392591612310976,0.034890910191571874,0.040320872601516775,0.03612041162214782,0.029924819245934486,0.03816481493413448,0.03906141464322383,0.0341275554596862,0.039498155825842915,0.04652438553386047,0.030449624836034157,0.035691455006599426,0.035609527880221294,0.031026402004693004,0.0378169006268893,0.037914302200078964,0.04173441980103324,0.03508030574180578,0.03429220576681906,0.04206980287187522,0.03742092426203821,0.04275811853862944,0.038555451791986016,0.036482120864093304,0.04045874964107166,0.04552651539574963,0.036586527627977455,0.04148449252049128,0.044481789936190064,0.04082066913445791,0.03788141409556071,0.04272672710450072,0.03640839446223143,0.04258568748308901,0.034092482818818805,0.03483018449818094,0.034140512347221375,0.04367643038565576,0.042640896031150115,0.032015446573495865,0.03679486239949862,0.03995845520070621
sharp,0.10542735887726298,0.09061760462268635,,0.11341275551443868,0.1266889664406765,0.1710855022949331,0.10676687512940541,0.07264963537454605,,0.07359880121849331,0.0970705217644196,0.1090560142797545,0.11316845081746578,0.1381130889058113,0.09836785771004995,0.11582248788472846,0.11884344510228,0.10719373004975662,0.1328862492784503,0.10201985686979917,,0.1708044707775116,0.10978074679430086,0.10557533518833764,0.11645184937726609,0.15517975808165613,0.08398660442011903,0.10466979830525816,0.07754222240738964,0.09088408574789492,0.09235052830051808,,0.11929498559097837,0.0994324480606751,0.10252844141010051,0.14385359795534447,0.12921262984235699,0.10303692850406415,0.11944970889609413,0.08791317545216192,0.1012874726974775,0.1463907458813928,0.12255357659381369,0.14675000309944153,0.13227025792002678,0.0911281062925065,0.12303619760399064,0.14373997327956287,0.11779125920600361,0.1477627664183577,0.10820458701155225,0.07752200782104048,0.08116289414465427,0.13227193775827395,0.16836050288243729,,0.11282548330103358,0.07107372706135114
round,0.037426210444920074,0.0357408438809216,0.04458728153258562,0.03680181262316762,0.03931419464516416,0.04660758220901092,0.03290642316997081,,0.03329920768737793,0.031305085986854636,0.031264864448188004,0.037515188651228784,0.03514636121690273,0.04959262286623319,0.03799794639538353,0.03849674054091126,0.038134832293289345,0.036694980187441474,0.04048042268681978,0.03402128940815934,0.03203719388693571,0.04135309066623449,0.03873159092165674,0.03642177544817088,0.039188263118107275,0.046049694933416235,0.030941127674865957,0.02601875337785569,0.03355943385583853,0.03459647412134518,0.03519616109897961,0.038910023868083954,0.03896724448582279,0.034461409971117976,0.03456107206606808,0.044641046192158355,0.03813525268397645,0.04124736953479158,0.038856612483267716,0.035112977493554354,0.03732982787646746,0.04725605167413603,0.03966600801795721,0.04610144440084696,0.046614218329967455,0.04425151703051395,0.039104419068829846,0.047114680255098004,0.0359486162972947,0.04457102630632039,0.034034002430993936,0.03212766870957516,0.04039691761136055,0.04341774884369073,0.044694109136859575,0.034233786165714264,0.038024360897825724,0.03999247319168515
realistic,0.1881444569888409,0.1761437534638073,0.22628812305629253,0.18515528847542914,0.22171235783150023,0.2739141934684345,0.18059246001122076,0.13509631529450417,0.1786555051803589,0.1339101193257617,0.15831192243430348,0.18433071607528945,0.18088838034148874,0.24022983610630036,0.1825226540733854,0.19529944342495856,0.19871004107549115,0.18785286163928028,0.22274948700446218,0.16583780742678095,0.15813533663749696,0.23353269323706627,0.18971640315179972,0.18667601670290945,0.20220167807569153,0.25075065194039925,0.14839119700021106,0.15946450411493696,0.15411072887827612,0.16171808805486354,0.15812250150038915,0.2160322666168213,0.18665882385433893,0.1775847307982899,0.1637091014176002,0.23186997157154662,0.21889849082345575,0.1872770742166865,0.20497618440441503,0.14699883952184958,0.18933279638340372,0.24739634595710097,0.19465892542811,0.23396760523319243,0.22536089907710752,0.1993428150862001,0.20854970440268517,0.2332289273801603,0.19251832811851202,0.24832716292562104,0.17981446379864657,0.1533089003429646,0.19875990971922874,0.21645499188026274,0.24686413206333338,0.18565534055233002,0.19970690881883776,0.19017413320640722
fantastical,0.12301959568744536,0.10267822444438934,,0.13532533090222965,0.14230423952851975,,0.08186056185513735,,,0.12704519033432007,0.09348990209400654,0.11630645610419088,,,0.10232198847965761,0.12961718318836082,0.12550670862063962,0.0934504786107157,0.1379466333736976,0.1010296371144553,,,0.12883416963741184,0.12371259772932375,0.12323404215810442,0.14908477663993835,0.08805996381367247,0.047640878707170486,0.09147855418268591,0.08650872949510813,0.12115258537232876,,0.13512778282165527,0.11054604221135378,0.11933467350900173,,0.12722080167044292,0.14448035135865211,0.13030956173315644,,0.13150241374969482,0.147698591897885,0.11953640356659889,,0.14577457308769226,0.12464610983928044,0.12330182082951069,0.14565187692642212,0.1156743789712588,0.13790106193886864,0.11724753230810166,0.11911935359239578,0.12496229261159897,0.13299696945718356,,,0.10438887899120648,
structured,0.09592026604410124,0.04374310653656721,0.12138110026717186,0.09513636881365055,0.10011583058322493,0.13318101944107757,0.10090150186974423,,,0.0774492354279286,0.07533760392444505,0.09285423278716408,0.09463117119263519,0.1318605144818624,0.07974925430328085,0.09611717721420292,0.09595406504158425,0.0964410743379888,0.11015562353417355,0.086295120076752,0.03087880928069353,0.13764099776744843,0.0984562597350705,0.09350617911829903,0.10054218648526256,0.12554313472974904,0.07778810499151716,0.05003989324904978,0.07986741015153183,0.07208141148687479,0.07393648652803331,,0.08352866151888885,0.09088162359382425,0.09070433743246314,0.11730200768344932,0.10209485845117972,0.09195871365567049,0.10196723030386572,0.06628980138339102,0.08110382381635599,0.12272765207175154,0.1076489038327161,0.111207015812397,0.11719240108504891,0.08660466159310412,0.09802493262528018,0.11368406414985657,0.0921677152833177,0.11984818202725957,0.0928644488255183,0.07906510643113185,0.1346992552280426,0.10338742422741284,0.12970736622810364,0.09757355600595474,0.09891863456383969,0.07253615664584297
disorganized,0.052710819620164245,0.04742268516227256,0.05856696330010891,0.052879784091898335,0.058020065401748616,0.06850522384047508,0.048327154257932374,0.041243231389671564,0.043140966445207596,0.04597796801816109,0.047906039166264236,0.053013612362758485,0.04821779289179378,0.04764927551150322,0.05097088244709985,0.05434678359550054,0.05565209871628531,0.05251784350792166,0.05870121373285421,0.04884688025334718,0.03769653911391894,0.05564208080371221,0.0543002636888653,0.05268881833834546,0.05589104061925332,0.06934866869247042,0.044739849172447575,0.04292374023897273,0.04773868780178852,0.05019200060607206,0.050117629958261356,0.055372655391693115,0.05726670964513902,0.05023454719936693,0.04828780212089525,0.06047470793128014,0.056515329670256534,0.054346839258611425,0.05528681133437194,0.05224140658974648,0.05441070271327215,0.06678073609815946,0.05150554308460818,0.06596070155501366,0.06081648820485824,0.054701865588625276,0.05805249287657542,0.06264209396072797,0.05358396862968079,0.0636635598825003,0.04845250653133867,0.046626591887567334,0.044519709423184395,0.06403428805060685,0.06321102636201041,,0.05312084236906634,0.057852879911661145
ordinary,0.10838568172882494,0.09124287962913513,0.12108673403660457,0.08344656269198063,0.10138557230432828,0.13704192141691843,0.09486241134650567,,,0.052790932926452816,0.06793379426623385,0.09571224442659898,0.1088629886507988,0.13099318742752075,0.11843644291358559,0.10356566854581323,0.10457125255982962,0.10146008093721973,0.11382697504699167,0.08323505286664921,,0.12000339974959691,0.10321973557820457,0.08821252015414277,0.10398489653993376,0.13285288094159436,0.08074134589560052,0.09975490455205241,0.0868443227276406,0.08652060033510561,0.06433885314447038,,0.09756526409435774,0.07453935779631138,0.10494806215336377,0.11741027670602004,0.10353513082869376,0.12341985975702603,0.11294615560916221,0.09155738763511181,0.07798552336171269,0.12875238137618028,0.09451242381085952,0.11437883228063583,0.12177221124109469,0.08438376989215612,0.09029137842091066,0.10763807136278886,0.09547214132423203,0.1324551430452301,0.09463722327793087,0.060929635353386406,,0.10902709237814665,0.13101199567317962,,0.10877095808585485,0.10299497097730637
unique,0.028909648481385275,0.02613490679096885,0.03282281942665577,0.02889052616773512,0.02993856834466843,0.036148363491520286,0.026991591343123997,0.022835975978523493,0.02458222024142742,0.025001185475906275,0.02641368463553269,0.029026358014805458,0.026450450572630634,0.03448715743919214,0.02829589550595371,0.029194016578809923,0.0295898904738911,0.028656490104824392,0.03202617314501238,0.026949708633263434,0.021224839240312578,0.032071154564619064,0.029817908839881363,0.02867877834520624,0.029790442541791095,0.036576619008932845,0.024486169850619927,0.021989228927555518,0.025024344120550795,0.027637896832565827,0.026813253144463225,0.027049129828810692,0.030050343113661223,0.02767679192672629,0.02665387821047077,0.03527176559088737,0.030190293676210237,0.028038188721984627,0.030095954526982688,0.027582468563004545,0.028228598427004325,0.0352898215030968,0.02919674110485286,0.03447339124977589,0.033567792425553,0.03117307633439806,0.030792944246169292,0.03568700049072504,0.02813204436385927,0.03429583395530741,0.02647887298051234,0.02596761574439535,0.03144921129569411,0.03221777449159718,0.03519008240916512,0.026830920949578285,0.0292760382524167,0.02770228497684002
interesting,0.14266407896195166,0.1262852423957416,0.16250650336345038,0.142644802261905,0.16700895633866897,0.20050871314910743,0.12690652243963485,0.10498599801212549,0.12202958017587662,0.11219875166900714,0.12274629233105562,0.1418179911620383,0.1337367580517342,0.19510488212108612,0.1321898783319721,0.1468051550070706,0.14874418705959366,0.14030326455460862,0.1713421456725672,0.12597071481497826,0.09157252063353856,0.17678453028202057,0.1429188038868019,0.13839301928086029,0.15373331124936332,0.1892801262016734,0.11548538220839182,0.09265435110220964,0.11652002021531623,0.12544070575620236,0.12025699559428277,,0.14132958571530052,0.13720257783101664,0.1302652146063557,0.17370370558152595,0.15937247382362435,0.14673484121638325,0.15400081651973874,0.11531842332333327,0.14826656635720414,0.18119739927727768,0.14658809415996074,0.17763324826955795,0.1624215016591138,0.14849205596838147,0.15477200591315826,0.16872456818819045,0.14707015028509957,0.17906601932279917,0.13226585837449142,0.12026758233695406,0.07117512077093124,0.16584490554059197,0.19451738981639638,,0.14223853398013758,0.13231103257699448
simple,0.08383634647715806,0.07591206726391574,0.11308334581553936,0.07858881103867517,0.09668192415732152,0.12967148776117124,0.08230993564226283,0.059966010972857475,0.09211330115795135,0.05259550118807811,0.06867740619490777,0.08340781257992616,0.08336182468031582,0.1182684674859047,0.08373012657613284,0.08966362735263331,0.08919481542890954,0.08754644089845842,0.1036280034541289,0.07626958085398591,0.059738132171332836,0.10851364210247993,0.08732505003081555,0.08810915874774519,0.09164589260712315,0.12128006640821695,0.06257671264064585,0.05897960469455403,0.06445542934990904,0.07004980660089734,0.06378590198669662,0.10549484193325043,0.08140624437987191,0.07068377839062702,0.07155964813326915,0.10887038557136312,0.09751016509847132,0.08679652404380105,0.09031382532138188,0.0646481429040432,0.08055318401062063,0.11817453404238548,0.08619764646781343,0.11399818658828735,0.10814687640716632,0.09121869453894241,0.09472682304282225,0.10831976473331452,0.0852363922871476,0.1150385466300779,0.0807476922376379,0.06074007123373114,0.09298310521990061,0.09626643800293475,0.12726152025991017,0.09186851978302002,0.09311680782054152,0.07608506688848138
complex,0.03126023779115679,0.030331120640039445,0.03232605289667845,0.03121916294229927,0.03084723287788989,0.03859283596925114,0.029439142862070413,,,0.026871658046729863,0.026275046081564418,0.03156156182640454,0.029492458142340184,0.04085473716259003,0.028987493651457967,0.032139673241797465,0.03144126906743949,0.029355746324465228,0.03258590708276134,0.027175444386714303,0.01845203898847103,0.04304780811071396,0.03173235352961312,0.029016252543504643,0.03157751901749923,0.039171896881372154,0.02724274641900412,0.027831039391458035,0.026807900182282653,0.02847580650170492,0.029629188681057857,,0.03306277545614629,0.031439100173028076,0.03140628126760324,0.03615893155966007,0.031770471658661856,0.03218322110155391,0.03215268587358059,0.0333839925006032,0.03171497707565626,0.036523845438538774,0.03252467462284998,,0.032860788250608106,0.03137606873430989,0.034537513616184394,0.035276085953228176,0.029763065208241624,0.037092352069394534,0.028299326742334024,0.03038144410636864,0.028233878314495087,0.035972877606919085,0.03571849234867841,,0.028679925249889493,0.030810542404651642
abrupt,0.22461969099685852,0.15123527920381588,0.2594555914402008,0.244550597202866,0.2619109302854597,0.3383902874257829,0.20588168801327644,0.1580875888466835,,0.15664233603220346,0.19458053123354419,0.21863098038780485,0.17581485398113728,0.3081238269805908,0.19833321528627523,0.23393806959032093,0.23290424568592857,0.2310812611588718,0.26080480226353236,0.1866029175554617,0.10520153492689133,,0.22110107931851136,0.21950631167254908,0.23603824727568748,0.2934746955122266,0.17469943998062545,0.09908132045529783,0.16723663210932047,0.22231444484657711,0.18468955166022713,,0.22622189971041592,0.20596552771680496,0.19152421329030128,0.28945396419452585,0.27591196044865585,0.21499629556150227,0.23745009753881643,0.18555459255973497,0.23001111193200735,0.29233196557880514,0.1802308958555971,,0.19557664096355437,0.20680545974108908,0.24207317863625508,0.2709350160190037,0.2376026691759334,0.29296712656604484,0.20666173925002415,0.17894512947177424,0.20630092769861222,0.25525557579607183,0.30650559812784195,,0.234783533617462,0.20229944959282875
continuous,0.030094230259239407,0.028051155076051753,0.033059454833467804,0.026587405648264607,0.02943581444983426,0.03691460463133725,0.027945827979610188,,0.023288782685995102,0.024851610516072126,0.024124839745803876,0.02862767373632424,0.027550653514006863,0.034813082311302423,0.02884780729758754,0.029486756563490424,0.029931773767154904,0.028156445472758362,0.0315078620219535,0.029453956187803294,0.02079374094804128,0.030384871643036604,0.030082745555835073,0.028178379079677858,0.030620111247736063,0.0381366049907134,0.024346697356552403,0.02320591962013982,0.026704075836448692,0.024944503132447404,0.026033745475989932,0.026966609060764313,0.03236033572619575,0.026738242918832436,0.028331742098089308,0.03332303209524406,0.026927659227101115,0.031350164832399476,0.02940823508639853,0.024316183601816494,0.025719556189550644,0.03594463220439462,0.029239031342932813,0.03221097998321056,0.034281790699987186,0.03273703996092081,0.0310768517665565,0.03388745464384556,0.026663695426227953,0.03444382799013208,0.02597251912248471,0.02454951406901546,,0.032425202003880604,0.035070822693598576,0.025646179914474487,0.027856894792654574,0.028416668064892292
exciting,0.20536213249289584,0.18852605298161507,0.23460387190183005,0.21058443820221737,0.24113531403415456,0.2939430315185476,0.19947419862728566,0.15000798925757408,0.2017110139131546,0.1580679690135947,0.18465324493876675,0.20712303584209746,0.19152974945149923,0.2359454557299614,0.19837515326625293,0.21640022114944155,0.219942035736394,0.20500153984856068,0.2471038058350017,0.1806552852116156,0.14237255230545998,0.2526993975043297,0.2081243393284985,0.2050992471154327,0.22709614298350805,0.27841193318537627,0.16655888705872116,0.15351173559983455,0.16737104385324875,0.17817801472112405,0.1714515318704206,,0.2040638669355919,0.19399978800823814,0.18537693881345066,0.2555951222968407,0.24746736465545183,0.20627211024249706,0.22878751243561357,0.14188265714507836,0.21256116323901297,0.2665501329600535,0.21796736598778993,,0.22002693762381872,0.19869160851360196,0.2239445269402891,0.24836945595840612,0.2127273292895758,0.2715696488965803,0.193181077111091,0.17268141027953887,0.21220847591757774,0.2564153879538053,0.28168840855360033,,0.2090194767385017,0.20844374100367227
calming,0.08199600353918521,0.06620432138442993,0.09606318548321724,0.07432146482207573,0.0840243674042579,0.09819302625126308,0.07186349507492895,,,0.06521879625153926,0.07184480022835105,0.0817462248194361,0.07665149536397722,0.10243396212657292,0.0774649326265061,0.08221407789750222,0.08236970556738232,0.07754706065812955,0.08803816613659576,0.08274594226932269,0.06433547846972942,0.09196242938439052,0.08532177758766116,0.07681949691931633,0.08372601538381759,0.1021864562667347,0.06741382275224743,,0.08164304758732517,0.06693555530950879,0.07647288218140602,0.0816865935921669,0.0960602416928698,0.07302148210314605,0.07522972012382179,0.09311668783426284,0.080835079587996,0.0891777476266263,0.08413572800687398,0.07714548334479332,0.08197777945062389,0.10335421451003973,0.07937271635119732,0.09588322341442108,0.09900273421877309,0.08885852287390403,0.08885749670056005,0.09934827482158487,0.0808581078890711,0.09754616491027646,0.0765246536413377,0.06859107757918537,,0.09057513084867364,0.08862111823899406,,0.0852930487153378,0.08609317615628242
hard,0.11507501436980956,0.10499955105650075,0.13852015733718873,0.1243681395875282,0.13603022796542044,0.18158657401800155,0.12260839959180747,0.08234231686219573,0.12047906965017319,0.087188782303461,0.12253400526519509,0.12344047206012028,0.11311591230332851,0.1449202373623848,0.1107972549562688,0.12403629278873182,0.1276824349176531,0.11792670975615135,0.14227054983924484,0.10665218027267973,0.042551157996058464,0.11482670158147812,0.12656913309455375,0.11286566246795324,0.13065441849578716,0.16881418050598068,0.09573214887615374,0.07234201668983414,0.08968373762544825,0.10768283375849326,0.09715693665837699,,0.11721285275531249,0.10868239441475311,0.10884741143232747,0.1513546137243844,0.14244403636603542,0.11015158883497984,0.13101915196112635,0.11741604283452034,0.11837079198587508,0.15555252351636056,0.1255982795357704,,0.13112024945162593,0.12638425764938196,0.12846364703669091,0.14420525319874286,0.11877769139568203,0.1563779268114046,0.10494370331392862,0.09864869586843161,0.12479897867888212,0.14590385125313848,0.17892834200308874,,0.12185811210009787,0.10353152034804225
soft,0.0418796865551357,0.03824795324068803,0.051407715305686,0.039652345438860176,0.0429042237521852,0.05412692700823148,0.03635344288083772,,,0.036390483777319196,0.03489731443748087,0.040963151616436995,0.04487337246537208,0.059679482132196426,0.041321515136441195,0.04293407467870924,0.042894335267518645,0.04171474594266425,0.04634347253420977,0.040038444938233254,0.035750605165958405,0.052974277175962925,0.042960508745278264,0.04150399682724723,0.04297051936084563,0.052368771187175714,0.03483736059549439,0.033159066922962666,0.03952200418096392,0.038267740494289194,0.04126188480718569,0.04433443769812584,0.04970623975096955,0.039168300152551835,0.03856569395866245,0.05132206156849861,0.04391796956736296,0.04444574216625305,0.042736438652201225,0.03899096037176522,0.04100800577075558,0.05260547526265387,0.04586759056629879,0.05024484470486641,0.05335956426958243,0.04852739812503028,0.045782178610799806,0.05237725030245452,0.04250415799117858,0.0496027426383758,0.04290947883855552,0.03767219701160987,,0.0479850295375025,0.05123013524072511,0.0402337983250618,0.04355483285266243,0.047254253178834915
happy,0.10559313277546903,0.09773283327619235,0.12014198303222656,0.107576736750511,0.12484046650316678,,0.09758520689912331,,,0.08447766195361814,0.08516647988317176,0.10075826150086778,0.12695663049817085,0.14389725029468536,0.09978225826231575,0.114722047642416,0.12614151360554035,0.10892994456488203,0.12727515473296597,0.09925792266237837,,0.1410922333598137,0.1179544410668561,0.11243450738440611,0.11971453243347172,0.12900074182645133,0.08934491160744884,,0.08524567782154513,0.08404301727811496,0.10359062866440841,,0.12807286489832195,0.0978933108272031,0.11376797918723348,0.1298143816077047,0.12307118061053403,0.11175333691591566,0.11779133922622338,0.1083571029206117,0.11632386476008429,0.13694941182579445,0.12485456253801074,0.1379837691783905,0.12728300830349326,0.11843485963929977,0.1158396115526557,0.12855078821832483,0.12191419979851496,0.1307615082948766,0.1262412579464061,0.09207600060229501,,0.11215615311212947,0.12103955447673798,,0.0997306310126315,
sad,0.027600473909442647,0.02898753931125005,0.026152469217777252,0.02908892639088992,0.03504416903126098,0.03868904461463293,0.02544790963034353,0.027871497596303623,0.024571234360337257,0.02314182085859956,0.03299619311777254,0.028291734286008858,0.027606151066720486,,0.02499910545653649,0.030842242357398856,0.029300500648961364,0.02806394006241049,0.034240632045762116,0.027346519522649344,0.02558402655025323,0.02968735061585903,0.029556344670755238,0.026893293378011565,0.029395584979405007,0.04096392635256052,0.022419683043672534,,0.02529198001138866,0.028534115721973088,0.027476383308912146,0.03312692791223526,0.03501197815702487,0.027375687885543575,0.027713388728443533,0.036254377839596647,0.03291473384289181,0.03022225759578524,0.028677435797574796,0.0302480086684227,0.03146554432099774,0.038428573595704764,0.03295059525407851,,0.035988860364471166,0.035538382828235626,0.03385393197337786,0.036268300376832485,0.030495463341877267,0.036010287592516226,0.026782889412168193,0.029153163810925826,0.02969423308968544,0.03772221477184859,0.03784732303271691,,0.03362278301002724,0.04136629030108452
harsh,0.2121293746241895,0.20852642841637134,0.25829713642597196,0.22277466038630722,0.25043251201090455,0.32910223056872684,0.20616484474966354,0.15628732554614544,0.22235001623630524,0.15994811348065271,0.21232793813364376,0.2199740618868616,0.20932206138968468,0.21765995025634766,0.20340817975446435,0.22717965936996776,0.2289173260742969,0.220764241768601,0.2599800027224295,0.19515081619687913,0.1505877934396267,0.22049248218536377,0.21761887192858104,0.21011770528727203,0.23718996751775936,0.2997673097711343,0.1796885066834948,0.16042111192418393,0.17689212148815922,0.19419966241910905,0.1895353655138659,,0.220701506640546,0.20317952664092528,0.2058451830076852,0.2830980222539178,0.24942390581017398,0.2143901126903205,0.23919173056001086,0.18938843693052018,0.20642572218208638,0.2851291390721449,0.22906078690929071,,0.24487197399139404,0.22822655458003283,0.24166526177594827,0.28292550692955654,0.2255657169660297,0.28914167002464336,0.20077238075226267,0.18239026644519066,0.2015606090426445,0.26133908240057874,0.3053068770812108,,0.2271175760154923,0.2248321371152997
mellow,0.09538434945579845,0.09670918541295188,0.13393349200487137,0.10453971102666844,0.10869194292029678,0.11850912827584478,0.10641616427956412,,,0.09531974857773418,0.08392736614754825,0.09643209308577012,0.11361896544694901,0.1535560538371404,0.1010633280143495,0.10042341614500906,0.10871548980619321,0.09970308625147745,0.10693062581284507,0.09897716372151744,0.09889781723419826,0.1435018740594387,0.10122283878019636,0.0949630151841934,0.10209474370391931,0.12449494032343336,0.08440910062338706,0.14532728493213654,0.08056232327611274,0.10444660619315176,0.11168499159462311,0.11620479822158813,0.11630707177533957,0.10436189989559352,0.08921014656639331,0.1308403132855892,0.12825622144201926,0.13046634073058763,0.12517766229213043,0.07649451326578856,0.1127805669062041,0.12165417559141341,0.12616591745366654,0.13132264763116835,0.12312064617872238,0.1104166822524758,0.1099019404245566,0.14254684631641096,0.11435370635369728,0.11979059802803174,0.10647086521326485,0.09204174712409868,,0.12397822617296723,0.12718093739106104,0.1188775971531868,0.12513285475796548,0.12226597405970097
heavy,0.10900776028000395,0.1049451557546854,0.12596313208341597,0.1159106973246073,0.12978881065109163,0.1689075930760457,0.10690186422345335,0.09090913832187653,0.11508838832378387,0.0764676300157796,0.10633131941237176,0.12827502235978688,0.1059379234377827,,0.1046474176286235,0.11743704705394506,0.12150054941579695,0.10912535280390019,0.1295448134692342,0.09655301741666739,0.037763811647892,0.1262459047138691,0.1210487741872099,0.11595153341892708,0.1289245770427335,0.15024592667439227,0.09087560145543423,0.05140400714137488,0.0860687769217553,0.12179042436898901,0.08213468972179624,,0.1071038225861057,0.09548259575967677,0.10688928105527054,0.1418041697679422,0.12599855467963678,0.10273911518355211,0.12160046017549568,0.08121591806411743,0.13357161697266356,0.15051823595588837,0.11079870276153088,,0.1347173952630588,0.12520654002825418,0.11875092392058476,0.1449933707714081,0.11356508819800284,0.15172973539560072,0.0930640022485302,0.10758357458312204,0.0750216655433178,0.1364579435780778,0.15749408379197122,,0.11493871049447493,0.10763342057665189
light,0.03217078956778554,0.02937275848605416,0.0394634393354257,0.031242561363905703,0.032914850678511715,0.038543086898114,0.030927109948048988,,,0.031238082836600522,0.0289302464791045,0.03174230302083733,0.030992267992008816,0.03878863006830215,0.03176474059118928,0.032437667054274776,0.034932295747259076,0.03213572933437328,0.03632291819532206,0.029842193761787858,0.024250194430351257,0.040216042349735893,0.03504940009524622,0.03184879859103297,0.033418671176502934,0.04039117062730449,0.027516509715812005,0.027901091235911564,0.03000767602986254,0.02983156816535817,0.03297927165717891,0.03272855654358864,0.033671427642898356,0.033162202449007465,0.030050740530160033,0.03736859108010928,0.034908381796145124,0.03313766966930839,0.03168663228428017,0.031052810916056234,0.03262333988302177,0.03907778312398874,0.033220072643774926,0.038158508390188216,0.03982095814176968,0.030812946227631824,0.03403838730038523,0.0409884179631869,0.03243851799878382,0.036723260341804155,0.030501100658704112,0.028806986252539885,0.04531887546181679,0.03798851056654059,0.03560261573228571,0.028766199946403503,0.032579917303071575,0.03445413584510485
inhibited,0.23803840680141514,,0.32323893904685974,0.18310346502471975,0.21719680935288396,0.3265171194076538,0.230662423013537,,,0.1322898868365137,0.15417526301462203,0.20954082985826383,0.20427658582727115,0.3049481213092804,0.21022095998944337,0.21475497131721988,0.21045312449486567,0.18506015751357885,0.2504096345923199,0.20739760203212237,0.21003780762354532,0.27822570502758026,0.20201756104348614,0.20553619646086066,0.2209296233892132,0.2953045096404281,0.15197036620643403,0.25855568051338196,0.1815130226198932,0.2713711919883887,0.17695140689611435,,0.2499429738319878,0.18495356664061546,0.1856655319354364,0.27577640851959584,0.20887202474599084,0.19237995623714396,0.21802063916252645,0.22129815071821213,0.19907823448831385,0.2852163110038277,0.17769474908709526,,0.30333253741264343,0.22333476329461122,0.23998236909825751,0.25111267529428005,0.23260100816304868,0.28092830372708183,0.20772065470616022,0.19144065584987402,0.23036808148026466,0.2344361563154962,0.29594314911148767,,0.23427834391996666,0.19053774178028107
free,0.02901286039104358,0.02568841852406238,0.030939580872654915,0.029580337341991992,0.030936473177780695,0.03591512713362189,0.026234022873001507,0.022649906110018492,0.023286085575819016,0.026058002633605644,0.026649094243167026,0.02826592887380089,0.027848328995917524,0.033023675282796226,0.028247330949332537,0.029398859031273067,0.030968135201226127,0.02891893068684058,0.03240021255153942,0.02708700989106335,0.02432196866720915,0.031762258460124336,0.031129793481097116,0.028345717164597266,0.03041769262096672,0.038001480763315734,0.02494793157880577,0.022263613401446492,0.025189697919680742,0.026633189334588112,0.027356060622096584,0.02775765024125576,0.03015882945150907,0.029253898118372246,0.027046198968718266,0.0328851408280787,0.03058024699254469,0.03023511048174764,0.03016130473967918,0.026406355850074604,0.029778404329277454,0.03516302556365272,0.0297098335605569,0.03218909502029419,0.031677374664025426,0.028975473798345773,0.02976521996683196,0.034712581092427516,0.028754490378655885,0.03403384235680552,0.026335600336533708,0.02688203300268554,0.023248642683029175,0.034844569439808716,0.03409573808312416,0.025943176820874214,0.028428584130273923,0.027811250028510887
masculine,0.24895914562201887,0.22080686539411545,0.2950480878353119,0.2653840987711514,0.28802836572373275,0.3858240218389602,0.2986688988188318,0.27574098110198975,,0.17478273683408244,0.23403063259626689,0.2841867152383313,0.22902754247188567,0.2603176236152649,0.2501159011339094,0.2684083582517589,0.2664625655558553,0.2750278275207093,0.3132593636082597,0.2264886473121947,0.09608063474297523,0.33744925260543823,0.26156151682916895,0.2610050684871503,0.28738555141075983,0.3526836962059692,0.195287088080224,0.15909753206606003,0.2004601367097785,0.2367082985459382,0.1937548734602474,,0.2480959184140962,0.24087290444544385,0.2256656222577606,0.33010259873288517,0.293074728702164,0.2762732184122479,0.28850432246791335,0.32405075430870056,0.24678016713885373,0.34522506155549215,0.2523388915202197,,0.32307595014572144,0.20535858968893686,0.2842401045409939,0.3090482037514448,0.2676317331545493,0.3536851499594894,0.2259582708327052,0.21399195090826642,0.18046460300683975,0.3109473436266643,0.38153451222639817,,0.27335811829493367,0.22915207346280417
feminine,0.08138485761977968,0.07536837011575699,0.08716902881860733,0.07849739286252576,0.08195997940169442,,0.07891030287809246,,0.06369596719741821,0.07272575529558317,0.06580224459369977,0.07564643997118245,0.0771000576870782,0.10705597698688507,0.07862545993023862,0.07940272106190166,0.08054749606506818,0.07905603118650043,0.08427752412036088,0.07853551494028556,,0.08940614759922028,0.07762140012468591,0.07386203575125408,0.07897404886147015,0.09642498953122042,0.07040768046595756,,0.07631521684428057,0.0739041922820939,0.07135149911046028,0.0786595270037651,0.08944650525561877,0.0681854027012984,0.070987310881416,0.09311638644029355,0.08555622674621545,0.09439350139688363,0.08776477211051519,0.06133127026259899,0.07716372708479563,0.1004367423842528,0.08262353390455246,0.10522450879216194,0.09578106179833412,0.08675925238501458,0.08856676674137513,0.10224236068981034,0.07572046633471143,0.09022082996211554,0.0788116306066513,0.0665838778950274,,0.0879826457134651,0.08348419836589269,,0.0803398444856468,
solid,0.10263396403810662,0.052295517176389694,,0.10577548938504473,0.10934908369940426,0.15517823696136473,0.1326469355173686,,,0.08127399225562038,0.11007994053264458,0.1253765376006807,0.09701810963451862,0.14186565577983856,0.12000417171899849,0.1094840161617382,0.11623555259505373,0.11159106405977742,0.11980543006221309,0.10616112227635724,0.09108203835785389,,0.11301805477495552,0.10635017905132993,0.11851808995395305,0.14561938302767757,0.09597379811476547,0.0834026481024921,0.08779837058650124,0.11702638898952668,0.07436076262775733,,0.09794897250154232,0.09244023055902549,0.08566440742773315,0.1335819773375988,0.13365684888724771,0.1270470945785443,0.12556255515342113,,0.10503735232891308,0.14155165693174354,0.09937387406826019,,0.13601177434126535,0.08846256555989385,0.11159800971487918,0.12295229639858007,0.11369954833182795,0.13531898752306448,0.11075367501803807,0.09125531395562948,,0.1255577602591671,0.1466700020763609,,0.11623352542016152,0.08103051160772641
nonsolid,0.1217059230233468,0.10735810388411794,0.13236168452671596,0.11999462175535931,0.13066067532454476,0.14518571002730007,0.11321807795320957,0.10067049910624822,0.09776539355516434,0.11051178470444985,0.11044104282251176,0.11938581621692387,0.11017606564258274,0.14061078429222107,0.11348282882322869,0.12206119561302853,0.129559193650476,0.12136958565203212,0.13955903771930098,0.11773503507401623,0.09067092649638653,0.13381155729293823,0.12967306907079745,0.12244858724490681,0.1296640988808691,0.15156414766889265,0.10566404755920271,0.08597406654646902,0.11043429319726805,0.11208128368393977,0.12810230006774267,0.11405465006828308,0.13392343187427827,0.12641635441627258,0.1188167950791948,0.1344190095226432,0.13231964304688432,0.12875100658886662,0.12781496773525064,0.11391776318059248,0.12367885012892967,0.1472009835670687,0.12065078190914015,0.14403014381726584,0.13637375947501923,0.1204918269668856,0.13475878559984267,0.14472471729472833,0.1250917828745312,0.14041444604786543,0.10997554241884046,0.11804763778323019,0.15560382604599,0.14508475892027212,0.13733280743613388,,0.11886923373318635,0.13000677824020385
tense,0.2568682547350597,0.2227798127443404,0.2890009209513664,0.25368783654364796,0.28468235574413936,0.3724541741032754,0.26104509683214444,0.16563029028475285,0.24508355557918549,0.1747819753581712,0.22044683012228722,0.25691331738335965,0.2459450349535631,0.28421560674905777,0.2253345713462131,0.267938081679726,0.265843362891734,0.24882893053303634,0.29806113451130045,0.22196008899400382,0.2034754827618599,0.24064666032791138,0.24878448089473096,0.23339527959252396,0.2966297341974166,0.36526280189873417,0.21052997985908894,0.19426809126176897,0.19874328510254421,0.20432070060228927,0.2129456988740258,,0.2537452942186254,0.24184701268572406,0.22873976325084056,0.31096515830902927,0.29219777173374173,0.2500689436950805,0.2720440736980442,0.1990233387798071,0.23851550513735184,0.3364709563115673,0.25461356558146014,0.3142390549182892,0.28188496496942306,0.24345444436543262,0.26985668545624,0.31369259506464003,0.2580367273038572,0.332251359309469,0.23025792690726063,0.20119074049692315,0.2279866576194763,0.3131279124337619,0.34099114735921227,,0.25273289520180586,0.25404828786849976
relaxed,0.09988234029608688,0.09069596727689107,0.11235941015183926,0.09558406944006965,0.11123999093387445,0.12244648188352585,0.09115300316892092,,,0.08824188672006131,0.08769963619609675,0.10094931578432817,0.09499380116661389,0.1284456675251325,0.1010544427541188,0.10327085591553828,0.1072270465523441,0.10219925774756265,0.11310296862618696,0.09899054910273611,0.07812826335430145,0.12563308142125607,0.10759031049817676,0.10285438117992597,0.10639380500699036,0.12683526041889281,0.084676803776643,0.06110301800072193,0.09476340072916994,0.09630903742538814,0.09500461503079063,0.09953337907791138,0.1209564401066844,0.09760651475674398,0.09373986877001929,0.1186264562778748,0.10644708822170892,0.1173381734593415,0.1096531956980114,0.09597760545355934,0.11139044037887029,0.12628832185627967,0.10212714934632891,0.12123125605285168,0.12026058793067933,0.11268439493142068,0.11247669539923938,0.12333925899404746,0.10125576418179733,0.11982838902622461,0.09762383901485891,0.09278512006410612,,0.11385362210799198,0.12125481044252713,0.09028372168540955,0.10622784402221441,0.10740944370627403
dangerous,0.2044411067439918,0.1891912837823232,,0.21113069107666957,0.24158263988332984,0.29641327261924744,0.20746656144276643,0.15188512951135635,,0.14901601847653326,0.18706448989158328,0.19655338077211693,0.17289623532157677,,0.17346481454691717,0.21195094525954117,0.21532317767580725,0.1975485975850067,0.2570816979030048,0.17186039629370325,0.14132188633084297,,0.21417321973907844,0.21251023010476983,0.23034206860333173,0.26834528973059996,0.15496313032137143,0.1307686262094138,0.1524015382789457,0.1816720386700971,0.15968124620747148,,0.19145294448886163,0.19221029746713061,0.19039282768362148,0.2553342704115243,0.23395784172074247,0.20853129456006977,0.224270917465755,0.17620821297168732,0.19483962608501315,0.27294034133642325,0.1951604996408735,,0.2741168985764186,0.1789938321337104,0.2392218957950429,0.2607757933437824,0.21246759817004204,0.2701914395604815,0.1676670857705176,0.16711307614971044,0.21954034268856049,0.25910860469612557,0.27048059925436974,,0.22617928425268252,0.18061798810958862
safe,0.030210919334737737,0.026364180631935595,0.031068291515111923,0.030238724102464736,0.03150734393222427,0.030137504554457135,0.024809646435568447,,0.022086570039391518,0.02766390547621995,0.02655586610405297,0.029799645036067544,0.029212462715804577,0.034882879350334406,0.0285157825396056,0.029257073543118316,0.03208493052478333,0.028670645123518003,0.03325217714491116,0.027710265584293868,0.031729746609926224,0.03125456161797047,0.03371163550167934,0.030112575615748472,0.0317272426706951,0.03663330046413466,0.025886190507966148,0.02010303921997547,0.02735873898073864,0.02660437438774992,0.02989691933212073,,0.03052735214498748,0.029407384287979867,0.028206516057252884,0.031289645470678806,0.031896599178158104,0.030136256849531223,0.030427475139658863,0.026924726952399527,0.03158589400351047,0.03635950512223825,0.030422501545399428,0.03151298873126507,0.032498487847901526,0.030841501367588838,0.030915378668421024,0.03471913002431393,0.028713751860238886,0.03389433305710554,0.028598004661790737,0.027980818578630294,,0.03512645461471118,0.0307436255472047,,0.029275248109391243,0.02946415450423956
