,a,aː,ã,b,d,d͡ʑ,e,eː,ẽ,h,i,iː,ĩ,j,k,m,n,o,oː,õ,p,s,t,t͡ɕ,z,ŋ,ɕ,ɡ,ɯ,ɯː,ɯ̃,ɰ,ɲ,ɴ,ɸ,ɾ,ʑ,ʔ
abrupt,0.288690255021867,0.20973177327086096,0.2809052225202322,0.3129856353868609,0.2800103210169694,0.3336356942142759,0.27119835301256573,0.1580875888466835,0.21600386500358582,0.219982318663865,0.2924211875480764,0.2211871302590288,0.29172369837760925,0.2774969634764335,0.2772474748147668,0.2769118010997772,0.29465627871129824,0.2617739167252898,0.15626667626202106,0.26893680542707443,0.27353962145486854,0.2620828835105942,0.2730678586742362,0.3084300599471041,0.3022751390349631,0.2642080582286182,0.28721504213243,0.27990779069377414,0.3048375666402934,0.2343268147757593,0.2819214403629303,0.27919458655210644,0.2524395453486037,0.25218018181622026,0.2855289156238238,0.30334528004694844,0.3031006067298179,0.2406168689278408
active,0.11989155822207628,0.0839183379678016,0.11355956923216581,0.11996183484468771,0.11586038861423731,0.13953038393741563,0.11765547134134857,0.06208819570019841,0.09002941846847534,0.09600567916052395,0.12188157729420017,0.09022093095399182,0.12319775074720382,0.11567848981414215,0.11665116565005071,0.1201028821335451,0.12417920577552236,0.11227874401673965,0.06639966294169426,0.11703570485115052,0.12044843877557405,0.10870389216870535,0.11943168483269052,0.13074427877242367,0.12630792940948524,0.11133719084318727,0.1178416139700196,0.11740893321528809,0.1243798279907432,0.09344795093221485,0.11322363317012787,0.1143874478024932,0.10468688254502226,0.10447741379695279,0.11374475357190865,0.12554315541742625,0.12742399406987567,0.09784346706967087
bad,0.03041275313077365,0.024574731178581714,0.02846566339333852,0.03056695953693608,0.029808277678158548,0.03466930966824293,0.029672621979556058,0.022234649397432804,0.02141554467380047,0.025711278623804963,0.03160700145741424,0.023701641460259756,0.03441423550248146,0.028458924866036364,0.030582761704586577,0.0299896383478951,0.0322220612782985,0.029028232037501933,0.02148771844804287,0.027102453634142876,0.031000737064671748,0.02891238253261592,0.029979914706200362,0.033187860576435926,0.03198122409348552,0.03090072236955166,0.03109524655354838,0.031619551843808345,0.033321709883383815,0.027434455330616662,0.031035517652829487,0.031416093930602074,0.030078122071151077,0.0288885052387531,0.03288040231123115,0.03264669559076819,0.03139583912451525,0.028628201915486023
beautiful,0.11806399488564709,0.088271988555789,0.11329971502224605,0.12751847833034494,0.11589428101634157,0.13635908104479313,0.11951806932497935,0.06281591486185789,0.0886073112487793,0.09364086364706357,0.1233098896375863,0.09656659859631743,0.13499344885349274,0.11472049875314845,0.11615990701741373,0.11698824908215921,0.1245008578051382,0.11263124786755618,0.06928303465247154,0.11793740093708038,0.1192074759138955,0.1097846126390828,0.11782880369447121,0.13030216786658988,0.12619826048612595,0.11767633570931278,0.12243374694138766,0.11466398155864548,0.1268043327157898,0.09724387489259242,0.12511448562145233,0.12070117145776749,0.10272185521369631,0.10572940107948821,0.11594060228930579,0.12426778277088153,0.12366767419922736,0.10439028244179029
big,0.14801188257451242,0.10829118941393163,0.13929458614438772,0.16371735115535557,0.13886568187312645,0.16797002887024598,0.14262424316808317,0.08692381903529167,0.1183466985821724,0.11637259448568026,0.15544627368295513,0.12709518473733356,0.15537341088056564,0.14128913465833318,0.14373646647240337,0.14950496096790364,0.1536867594718933,0.13931841948009158,0.08026259392499924,0.14200024555126825,0.14798736652451247,0.1325872172851388,0.14596922227545925,0.15928202426259958,0.15574020960114218,0.13805951230610028,0.14823448927656038,0.14608518358006656,0.15581514818599698,0.11735501772789068,0.1439676582813263,0.14055058235923448,0.12968076608682932,0.1301484269020306,0.13859928476399389,0.15590256754131543,0.1590865866414138,0.12213597325442811
calming,0.09053295683588473,0.07444009176911191,0.09221654012799263,0.0904861095547676,0.08574532062827962,0.09937575066255198,0.08711333725262772,0.06973045784980059,0.06368917971849442,0.07785718079264227,0.09432073173797383,0.0728578558191657,0.0961655393242836,0.08394901389661043,0.09059665695979045,0.08761676318115658,0.09227827858439712,0.0854869346036887,0.06469555012881756,0.09243615120649337,0.09211696635343526,0.0846665379487806,0.08650525102773345,0.10034339755046659,0.09013059069501593,0.08787236523024644,0.09443249073228799,0.09500440852991639,0.09979159419607365,0.08458503615111113,0.09588322341442108,0.09333359271935794,0.08764861493900016,0.08944330276958895,0.09988184711512398,0.09840980836523139,0.09771046373579237,0.08569531489549012
complex,0.03230951963819463,0.02595213893800974,0.032043176935985684,0.03133073732616347,0.029682301498692613,0.037700332435114045,0.029754404741965355,0.022417375817894936,0.024258166551589966,0.026082505398754324,0.035587044609728447,0.028392459651262594,0.03605526126921177,0.03087643041353987,0.03270146848364947,0.03204455534617106,0.03314831186535543,0.030419451849373398,0.021280955895781516,0.03313903473317623,0.0320618662400653,0.02935038974450887,0.03012759715745144,0.03787053199257792,0.0335975078479299,0.03314473479986191,0.03494405804032629,0.03315304699284372,0.03524442525112141,0.02961160184569516,0.03178324624896049,0.0326914292258712,0.034098091594716336,0.03082912558724421,0.034210166144298344,0.03485566930889729,0.03611542729706299,0.029242426703113535
continuous,0.03138585816199358,0.025569458147915808,0.03257184219546616,0.030764631643567398,0.02950250858376766,0.036548330049429624,0.029539067840173107,0.021679621189832687,0.023288782685995102,0.026871912746449535,0.033673597506014855,0.026487966003859865,0.03532945103943348,0.030452108021606417,0.03163709075823828,0.03153725498666366,0.03273365862019684,0.030088413329303777,0.021637937054038048,0.030384871643036604,0.03198843047698838,0.02925535635084145,0.030001148575212102,0.03552473743480665,0.03330162189462606,0.03179539859687027,0.03334183161851109,0.03177243159778083,0.03420678786715569,0.028331812664444716,0.03221097998321056,0.03336614259303762,0.03143915934290024,0.029476161301136016,0.03330885126995735,0.03378374474736566,0.0350644898622535,0.02748605909303845
dangerous,0.252890693407988,0.19806717455387116,0.2697138637304306,0.2624767251068451,0.25568136121881635,0.29025490283966066,0.24081333867017773,0.15188512951135635,0.19240891933441162,0.19133844412863255,0.256643094375063,0.1985023256553256,0.27473198994994164,0.24337009274430813,0.24780866725647704,0.25007160510643417,0.2691187254140075,0.23983612602649595,0.17902621875206629,0.24174342304468155,0.2543167293756858,0.23882472620290868,0.24744957929751912,0.27259037560886806,0.2726342673554565,0.24115197488572448,0.24707485650925293,0.25483197957472087,0.26834824620653447,0.2118279977756388,0.24571416079998015,0.2479117101541272,0.22209390636001314,0.23746561233116234,0.2593543508223125,0.26807521173247584,0.25924793680508934,0.22375227407268855
delicate,0.09071869611641986,0.07412776294285836,0.09422239754348993,0.08960709522056473,0.08641208919276179,0.10168436496722989,0.08626047699146916,0.06684574112296104,0.06594841927289963,0.07604450531218243,0.09429407284356826,0.07434048529328971,0.09785709977149963,0.08685014863746075,0.090885865582095,0.08939952619116882,0.09251723001036075,0.08509845050714221,0.0652495265007019,0.09303989261388779,0.09304713127017021,0.0838455068952744,0.08648011030163616,0.1012546571645331,0.09325610057396047,0.08947161298833395,0.09622972200696285,0.09424191382196215,0.09980892457457244,0.0835249513949988,0.09568081796169281,0.09596842249818877,0.08953357005322521,0.08904837544720906,0.10000057499378155,0.09493141106249374,0.09932632562590808,0.08352842672617845
disorganized,0.05938425719967879,0.04700758078313889,0.05999172339215875,0.05914544429646309,0.057259046292880124,0.06754552830188047,0.05640502960886806,0.041243231389671564,0.043140966445207596,0.05050318088682219,0.06298597519334227,0.048229484144469786,0.0653395177796483,0.05654469376895577,0.05962511726344625,0.059142998456954955,0.06229076737404934,0.05683464709884663,0.040484394133090976,0.0609222948551178,0.060439326382410806,0.055339838986791026,0.057059674200528265,0.06627224111493597,0.0623253862250526,0.059261488378979266,0.061378460558074895,0.060875660121274086,0.0651070903876737,0.05268350742616743,0.061813005805015565,0.061623994918430555,0.06003455437244253,0.056974075804030674,0.06336123608052731,0.06338146731479843,0.06398357849481494,0.05427277434657338
exciting,0.2522939637227712,0.18780605621794436,0.24374089762568474,0.2547565108165145,0.24668017413141657,0.293265444950925,0.2547378226776015,0.15000798925757408,0.2017110139131546,0.20722083845420888,0.2594194376016806,0.19683127597506558,0.26308620572090147,0.24552685205919156,0.24774212004919338,0.24916258295122376,0.2644418523928454,0.23891266113591073,0.13843807391822338,0.25529949069023133,0.25277514505739274,0.23386309644541678,0.2505443888794945,0.27691642787398363,0.26516546150471304,0.2314852276180364,0.25175911135738716,0.25081292052560716,0.2659851769904722,0.2114510372854196,0.24823154509067535,0.24217864984403487,0.21746332822619258,0.22493302562092773,0.2467472938930287,0.2702408525218602,0.27315203348795575,0.21344861782145227
fantastical,0.12791479257774696,0.10184152781012211,0.1279311217367649,0.12859890016570555,0.11615068536123326,0.13675713734257788,0.12144354496859322,0.09596307575702667,0.08725914359092712,0.11093903172083876,0.13535084762036687,0.10297363379905963,0.13703644573688506,0.11930835794612586,0.12647536606902726,0.1256775478488647,0.12875918151232704,0.12097897242291035,0.09800897687673568,0.12975480407476425,0.13283863186145842,0.11559072574133118,0.12366962560800591,0.1446359877785047,0.1300954294319336,0.12587518252742788,0.13373984685449888,0.13529397288698758,0.139820786869149,0.1171449751786466,0.13656893223524094,0.1317055228294111,0.12885406375565428,0.12237169956903399,0.1412020312940202,0.13739233033820278,0.1338155699330707,0.11764784968648281
fast,0.14126245683506547,0.10307314590011772,0.1358610200030463,0.14210996422551425,0.1341988260152741,0.1671806424856186,0.1363871873699521,0.0780753344297409,0.1101916953921318,0.10941236362393414,0.14863669233984497,0.11410491251996879,0.15159937553107738,0.13769075934154293,0.14022895850773368,0.13887401248486536,0.14284541767011297,0.13441154909490038,0.07660395465791225,0.1353131029754877,0.14163104080010291,0.12786228199883437,0.14039828402013327,0.15653736144304276,0.1568190597874277,0.12946142910924904,0.14283730576592168,0.1384361640115579,0.14924186230862124,0.11766569346797709,0.13825079947710037,0.13812850307052335,0.12818322020272413,0.1265047303159962,0.1391369308634051,0.15114981576585942,0.15468167670463262,0.11809245679738387
feminine,0.08748169847245241,0.07342624465624491,0.08542174473404884,0.08714946694979983,0.08136749762582453,0.10093433551845096,0.08314964797470596,0.07259193062782288,0.06369596719741821,0.07437472361506837,0.09220206305846898,0.07310942385126562,0.08979020267724991,0.07887689483662447,0.08821839412812851,0.08457064845909674,0.09525897423195284,0.0816403563409426,0.0704965740442276,0.08972130343317986,0.08728274058550596,0.08142662548149625,0.08198254346741853,0.0949712199361428,0.09426405308423219,0.08592471391972849,0.09245334869039427,0.08983757466175198,0.09814784322631806,0.08045211455060376,0.10522450879216194,0.09387626647949218,0.08854542532935739,0.08507111574550277,0.10294798057940271,0.09260101457984429,0.09661120176315308,0.08109587576240301
free,0.03158022431467268,0.02568841852406238,0.03170480323024094,0.03184199644171673,0.03013285532079894,0.03657248456563268,0.03059075237059396,0.022649906110018492,0.023286085575819016,0.027101598915526236,0.03339428706882038,0.026684843003749847,0.034412790834903714,0.03034805116692075,0.03126003156523321,0.03113503343336386,0.0322684995380455,0.030359433788078823,0.022499053552746773,0.03258077129721641,0.03279688491953486,0.028741698697558604,0.030992944241832878,0.035471271816641094,0.032925055204135065,0.031159078388621933,0.033036125028823936,0.03249870399540326,0.03410284072818125,0.028837345347230165,0.03218909502029419,0.03301534586800979,0.03093288317322731,0.02956404990476111,0.034050193456251446,0.03380278958606401,0.034258681847605596,0.028697379469793505
good,0.12600282454878756,0.09245247535407543,0.11807449162006378,0.12638676436749144,0.1299553107470274,0.14467630051076413,0.12705455975753538,0.0773662542924285,0.09327611327171326,0.09846396570832565,0.12861090865161423,0.09144160933792592,0.13778603821992874,0.12077153029671886,0.12358482092438479,0.12328066032093304,0.13462434932589531,0.12329480479946693,0.08083414379507303,0.11587424576282501,0.1253411159895867,0.11798879737789567,0.127991244783625,0.1402257410188516,0.13127987892241091,0.12426414729320798,0.1246443972723861,0.14276479439771114,0.13409381395278158,0.10408888551007424,0.11747809251149495,0.12475015429986848,0.1097553569566587,0.11265391156746027,0.12195903683702151,0.13362709347022142,0.12975609000470187,0.10700280346566497
happy,0.12383345125283435,0.10062609389424323,0.11049694940447807,0.12200334595114577,0.1270183907248653,0.14105769412385094,0.12374221103058922,0.08366830771168073,0.09856461733579636,0.1033320987851105,0.12973229972348346,0.10832766195138295,0.14389725029468536,0.12356270004862122,0.12221571322896577,0.12206801804511444,0.13052992349447207,0.11777002482004337,0.07627501835425694,0.12945377081632614,0.13558458663257106,0.12051472994612485,0.12424286053358734,0.13800677852552445,0.12974100647603765,0.1234434328507632,0.12869304065991724,0.12462837135771641,0.13316441990998612,0.11198483593761921,0.1379837691783905,0.12596943229436874,0.10802840386681697,0.11215256231768829,0.12709495375553767,0.13035594132177683,0.13066286274365016,0.10323254037283215
hard,0.14652797131728318,0.1087535587634812,0.14450361473219736,0.14676642437688017,0.14167332848566666,0.17721016450626095,0.1403835303109625,0.08234231686219573,0.12047906965017319,0.12604272969846808,0.15382854691924805,0.1209735120164937,0.16229206323623657,0.14050971616525204,0.14340940116085393,0.14421168820443728,0.15121837201956156,0.13821706623212332,0.09432073620458443,0.15009547919034957,0.14655509853975907,0.13233703263864224,0.14592478840126538,0.1614299911542,0.15476863396664461,0.14023798151427638,0.15006624636535318,0.1463576706493108,0.15557409645371706,0.12328164574672591,0.14881488382816316,0.14477097002022407,0.13082570709446642,0.13126843170849262,0.14710689001740554,0.1549792305880656,0.16223442554473877,0.12298179028854185
harsh,0.2692228876892646,0.20435179817549726,0.26757488027215004,0.2658882237743082,0.26198062702365543,0.32092824507327306,0.25609082986290255,0.15628732554614544,0.22235001623630524,0.2325257426020743,0.28089908570590666,0.21735247160340176,0.2880915477871895,0.26263853871678733,0.26743094482460816,0.2631314205644014,0.2824013686153741,0.2512662257612403,0.16592615991830825,0.27848785519599917,0.26135103474099347,0.2475903244475602,0.25670445290848665,0.2934534723253407,0.2855927475417654,0.25733980774245363,0.2787410868446768,0.267824054125752,0.28988698974466154,0.22857050848408386,0.28164228796958923,0.26720424082416755,0.24467162489891053,0.24379130630935514,0.28100224766062526,0.28883925592382625,0.2952477244230417,0.2338638909200512
heavy,0.13596606657975363,0.09997273220660839,0.13370756339281797,0.14056315628565066,0.1327871181617636,0.16760320253670216,0.1330511986988184,0.09090913832187653,0.11508838832378387,0.11564524421944868,0.1438086729354765,0.11130274485411315,0.1473970964550972,0.1325499095255509,0.13415474050579537,0.13809857822522736,0.14333371673394174,0.12958469155489066,0.07211089134216309,0.13876063376665115,0.13647059234607173,0.1241673635118511,0.13411380264973433,0.14908159183513406,0.14841967043669327,0.1329907384793182,0.13761412220842698,0.13503876303034615,0.14643485594706812,0.11376122423922116,0.13577258288860322,0.13215735721953062,0.12197058908641338,0.12150593237020076,0.1329792166446767,0.14569189161993562,0.151429341419747,0.11340584189102457
inhibited,0.2652130251688318,0.19699243036039332,0.26147915981709957,0.26409242820480594,0.2652165628327378,0.32259700695673627,0.25912828838899116,0.14715238101780415,0.20825092494487762,0.20964150875806808,0.28128907897222727,0.21648612515679722,0.285101044178009,0.2614746204588884,0.2627293684539928,0.26541080943321527,0.30222162752059,0.25024936683355414,0.1629712164402008,0.27540128827095034,0.2602415829896927,0.24566239946580026,0.258616558171935,0.2943273531893889,0.2802942007217767,0.25611125536655127,0.27252978845158726,0.26004877818642924,0.28501837423619103,0.21998355987499346,0.2706447124481201,0.26162417304630464,0.24131291889482073,0.24004202174103778,0.2649488176514463,0.2857138819859496,0.2884867946768916,0.22648193250307863
interesting,0.16912372303511172,0.12423304665005869,0.16250650336345038,0.16677856429289745,0.16449783999811518,0.2007562956123641,0.16488979244604707,0.10498599801212549,0.12202958017587662,0.13799575631591407,0.17867418167460475,0.1355366112291813,0.19510488212108612,0.1684943811269477,0.16694614972049146,0.16642308653127857,0.18536759356315108,0.15959557771780772,0.10515418052673339,0.1732861429452896,0.1676171629532287,0.15461950296925944,0.16750803031027317,0.18793642140277053,0.17991877519167387,0.16030115088404612,0.17210750725151094,0.16770482038458187,0.1801325468636981,0.14595879481898413,0.1745434651772181,0.1654794882450785,0.15888810098955505,0.15339427095824393,0.16813306929543614,0.1793556757130713,0.1836700692321315,0.14318123255811988
light,0.03536913155800823,0.02914321850588981,0.03922961209900677,0.035270998909321005,0.0329110707677559,0.03915273570455611,0.03372969161974241,0.026439445093274117,0.02633654512465,0.03128605502722568,0.03720184303551575,0.03011787066171909,0.03878863006830215,0.03380740967113525,0.034971195410683074,0.03453711818471767,0.03613861565234013,0.0336112601797008,0.025242903735488653,0.036546481773257256,0.03700158820582891,0.03252043522360078,0.0346950198997531,0.038834330108430654,0.03668964366712,0.03439863437561543,0.037446576030620564,0.034507891978604724,0.037833918584510684,0.03214293001395351,0.038158508390188216,0.04000539317422984,0.0341650966140959,0.03315423099556938,0.040915985023829995,0.036760749947279694,0.0374678975265277,0.032202433895420386
masculine,0.3255620763401878,0.2327047534286976,0.31478364020586014,0.32702058048780297,0.30179303394605034,0.3858240218389602,0.3180978261753098,0.27574098110198975,0.25606486201286316,0.24886137856678528,0.33413389660961873,0.256256639957428,0.3104550242424011,0.3012627442677816,0.318506606816014,0.3484844596435626,0.34972675248633983,0.30279292300382116,0.09608063474297523,0.3258921056985855,0.32181710422039034,0.30370206870138644,0.31608153869074285,0.34971786633781765,0.3602484541910666,0.30244475817781385,0.32883720752811924,0.316290555777503,0.34997441037759314,0.25471436646249557,0.3454035818576813,0.33434162586927413,0.3004289995878935,0.2901517278650432,0.33922583651211524,0.3405099457173836,0.35744784623384473,0.2754018871486187
mellow,0.11433829799524345,0.10501834940403065,0.12755727488547564,0.11499058250256501,0.10015951997560003,0.12673204658286913,0.10961081073619425,0.09056969732046127,0.11450539529323578,0.10198395228248903,0.1284685852315911,0.1071346874894767,0.14458737708628178,0.10376190766692162,0.11179057493832929,0.10898882254853949,0.11151571242155227,0.11219822284790988,0.08881231099367141,0.1376219153404236,0.11679929239740632,0.10299912270291049,0.10834186140180854,0.13044435690337247,0.12218695258100827,0.12450805484772996,0.13158106417567642,0.13954863950276553,0.12602152802246652,0.12393167357032116,0.13132264763116835,0.12374872943529716,0.12666097697284487,0.1073009839176007,0.14313329647227033,0.12131951594777152,0.13657377068048868,0.12207673608310639
nonsolid,0.13181333874829076,0.10809553696251498,0.13236168452671596,0.13176477543257792,0.1254395819876505,0.1457393331787525,0.12872667044953065,0.10067049910624822,0.09776539355516434,0.11336355818769871,0.13872201490060737,0.10856490209698677,0.14362970292568206,0.12480506463310657,0.13043898715839927,0.12974974710275144,0.1373394597144354,0.1258404276007839,0.10109118993083636,0.13381155729293823,0.13709151876684078,0.12203635711533328,0.13050935003492567,0.14632684572950586,0.13614613498034683,0.1366065815091133,0.13620251032767022,0.1349415488075465,0.14284431622515345,0.11957327802391614,0.14403014381726584,0.13679806717361012,0.1331784478906128,0.13003062619035746,0.14629014653544273,0.1398966525412776,0.13946848078852608,0.12220250216595242
ordinary,0.1192720779268395,0.08482777810794243,0.11610911320894957,0.1223001870929801,0.12181679451645448,0.13779240156092296,0.11897467939396862,0.06394536793231964,0.0917467549443245,0.0964941272114435,0.12224908648230402,0.0900768443042862,0.12337431460618972,0.11819202480156248,0.1180035542433037,0.12122245608652765,0.12899292731058917,0.11668615077411937,0.07228149473667145,0.12113779336214066,0.12175400655542035,0.11112274890582935,0.11971758322332443,0.1286524267426665,0.12828110270905044,0.11163655951774369,0.11757589217298235,0.11795567778814862,0.12676427700290724,0.0955250970316383,0.11616642326116562,0.1148886877971773,0.10556965214299395,0.10605102096451446,0.11609553860930297,0.12882997851796493,0.12597160803717236,0.09693021767787517
passive,0.10025577489672963,0.07963382175311129,0.09993424732238054,0.10108631654925969,0.09483644738793373,0.10745672934821673,0.09873916619442037,0.0744542246684432,0.0708237886428833,0.08692494365438987,0.10239765815574679,0.07750942005679526,0.10314194858074188,0.09404156801391797,0.09927931049352755,0.09832804670204988,0.10349405217066146,0.09520523511519789,0.07224180549383163,0.09977421462535858,0.10284932351909405,0.0924642285099253,0.09930055974951,0.10836650105193257,0.09952977299690247,0.09735331261375298,0.10114217181548928,0.10608390166855125,0.10854294344328098,0.08869317687063846,0.10381643325090409,0.10269187261851934,0.09851304092939864,0.09772487313295744,0.11006736010313034,0.10754980111193514,0.10448131623656251,0.0929240166467238
pleasant,0.11020008700310813,0.0826215277924094,0.11051163290228162,0.10869803884295962,0.1062523841718647,0.1308286556175777,0.10629889768272362,0.05883864499628544,0.08667708188295364,0.08490488334545787,0.11582975075889175,0.0875778202381399,0.11970804482698441,0.10567307650942255,0.10833201064538639,0.10961005077971255,0.11721506711238852,0.10359278820761132,0.0699906013906002,0.11313040405511857,0.11875621201668649,0.10272951234516274,0.10737904642143699,0.12120787149820572,0.11574499816336531,0.1046968850395864,0.11547818812447906,0.1084107013969769,0.11886794336150709,0.09414373427121477,0.11097896546125412,0.11288152775830693,0.10052903282751398,0.09776932117696717,0.11082628690120247,0.11635006247158337,0.11799682749480736,0.09469253905372668
realistic,0.23012798483695196,0.1742339755626435,0.22628812305629253,0.23045860293560325,0.23015052118691906,0.2739141934684345,0.22409280214058466,0.13509631529450417,0.1786555051803589,0.18312232585793192,0.23664337788098946,0.18088838034148874,0.24022983610630036,0.22720602594585304,0.22597993186580048,0.22754453452641532,0.24586503092071105,0.2157890999593768,0.15813533663749696,0.23353269323706627,0.22701627077915953,0.21248866470969321,0.22342060421051,0.24735947940650024,0.24581495529183975,0.21460231444022307,0.23186997157154662,0.22777521193249903,0.2461481607089417,0.1934453580739363,0.23396760523319243,0.226339054896551,0.20310991891521088,0.20823713231049937,0.23444738366254947,0.24811985179604518,0.24686413206333338,0.19683597037929515
relaxed,0.11215409201427098,0.09080767777302991,0.11328712850809097,0.11204265819437671,0.10552265870887621,0.12373302458989911,0.10813457928910977,0.08163576014339924,0.08433503657579422,0.09711896645672181,0.11731703073593357,0.09082666733141603,0.12243715524673462,0.10463532241992653,0.11165134543603887,0.11065301601145719,0.11542507463641334,0.10672230613427981,0.08057461231946945,0.1172921746969223,0.11539898988163888,0.10358101629619469,0.10762992171811409,0.12324922727420926,0.11278437401326198,0.11195536446757615,0.11762703422344092,0.11657522724808825,0.12101151739333418,0.10101687098638369,0.12091821134090423,0.11764695094181941,0.11046350631448958,0.10921580339752653,0.12236203743917186,0.12018799743183502,0.11960438497009732,0.1055801152945199
round,0.04091540941775283,0.0341263668254969,0.04458728153258562,0.04094922358758355,0.03861920765183609,0.047957106606989375,0.03708903082507722,0.02890855958685279,0.03329920768737793,0.03432096301139086,0.04377907995083259,0.03594585257614481,0.04667796641588211,0.03909642781209515,0.04129896162520628,0.040683818448867114,0.04194578119611318,0.038759371688266486,0.03203719388693571,0.043256033957004544,0.041397457077043266,0.03803150890379902,0.03850883956314349,0.044517916397320174,0.04319413758814335,0.041535028874089844,0.04374383952214111,0.04202210089671567,0.04605811916049928,0.040061160957194725,0.0457571268081665,0.0465500270231412,0.04232725203829877,0.03941122470250041,0.04670876799485622,0.044308012311026775,0.046236880759640435,0.03738560272569962
rugged,0.3061467490017919,0.22024355917845084,0.3002281002700329,0.30382447101743765,0.29579605781926516,0.36376305833095457,0.2876761872565382,0.1632675752043724,0.23225238919258118,0.24181160964499945,0.3253404457984667,0.23510923994512395,0.3294243186712265,0.30063247907010815,0.301821058463247,0.3008086430615392,0.32550189227139187,0.28755678507679017,0.1825283095240593,0.3084006041288376,0.2950456474721432,0.2832638935023357,0.2969137091034402,0.3266916779761619,0.32151301146722305,0.2824561920997344,0.3050889164591447,0.30032345761056145,0.3279234614146292,0.24563659896265785,0.30531933903694153,0.3003074401149563,0.2716686198995872,0.2667271957183496,0.30382670366611236,0.3449954727411638,0.32943571413435585,0.25549479910442907
sad,0.03491825118499459,0.02997607986132304,0.03029034286737442,0.033369793465324475,0.035425411035808235,0.03868904461463293,0.03303705789148807,0.027871497596303623,0.024571234360337257,0.029026209376752377,0.03692908398807049,0.03024447321270903,0.04031435213983059,0.033647719504577775,0.035349764586614735,0.0340973637269243,0.03656595330252204,0.03277701276764528,0.02558402655025323,0.03428040072321892,0.03557110770738551,0.034820937142684694,0.03436552367910936,0.03879973332046485,0.03603068826829686,0.03495995077537373,0.03681773140228221,0.03623565762127574,0.03926026015816366,0.034450325494011245,0.04003624618053436,0.03726383930315142,0.03377151752219481,0.03451572971918234,0.03799476449688276,0.03662266542336771,0.037141235013093264,0.0330870461595409
safe,0.03229243786552468,0.02637078084051609,0.031068291515111923,0.03432586082242063,0.02946003658795043,0.031591535173356534,0.03132677504765815,0.023317231331020594,0.022086570039391518,0.028431806567823514,0.032915513474671615,0.02591646308808223,0.034882879350334406,0.030233692182528395,0.03129634063472932,0.031376825062086784,0.031989416632224134,0.03059537977684651,0.024729875847697258,0.03125456161797047,0.03542498562313702,0.030434901897302444,0.032670868336747254,0.035530771414925846,0.033149494366212326,0.03030814850353636,0.031521957886126856,0.032386006653503656,0.034678688825227684,0.029458320480497444,0.03151298873126507,0.03308104371858968,0.029940288088151388,0.030754682988576268,0.03448525170928666,0.03385399908034338,0.03203101009130478,0.029159049203862315
sharp,0.13882790813590268,0.10079409304927005,0.13667695969343185,0.1388451642144406,0.1332594982252039,0.16647925427774105,0.13200251132725402,0.07264963537454605,0.10690432041883469,0.10913229192039747,0.14716355746619286,0.1128473565753164,0.15098202228546143,0.13371672627168246,0.13739104935064397,0.13673681640731436,0.1450682312777612,0.13088286501500704,0.08919605799019337,0.14021234214305878,0.14042431325835036,0.12865810111407341,0.13657252674884335,0.1544010331503517,0.14821967333555222,0.13456783273110265,0.1477983160557584,0.1348095694415723,0.1487533292585375,0.1164847094003322,0.14586005508899688,0.1382559911133005,0.12412609088611096,0.12435163212766559,0.14446800335859641,0.14617267240057974,0.15287573090413722,0.11741389341174281
simple,0.11065482924704861,0.08088057603132218,0.11049550212919712,0.11067856938104358,0.1087270160526808,0.13117118126579694,0.10650495797792664,0.059966010972857475,0.09211330115795135,0.08739730546230011,0.11516784590752992,0.08727442755781371,0.11937561631202698,0.10921249902212476,0.10938394610535972,0.11094602130353451,0.11645495777564316,0.10436192535199344,0.06395574435591697,0.11362680792808533,0.11110208649547865,0.10335682398213665,0.107949946583672,0.12023078716867339,0.11797752582801962,0.10447638157832746,0.11313868463039398,0.10826963817339334,0.11858095883538848,0.09207870505469025,0.11399818658828735,0.10958918212698056,0.09930744263878528,0.09904828445511575,0.1119801681943056,0.11768969529241856,0.12109434186685376,0.0931454258946536
slow,0.04007853836903359,0.03481012313185554,0.04141933923321111,0.04029870713494864,0.03716782999233665,0.04678131223079704,0.03731979950282135,0.029094986617565155,0.029381921514868736,0.033128586118774755,0.0426597869836758,0.034670701314663065,0.04422737006098032,0.03764518045095934,0.04020797239527816,0.03801095176417873,0.040290917071731804,0.037833406551266616,0.03022791724652052,0.03816481493413448,0.04066982415699682,0.037018258402195685,0.038234532533659916,0.04461832375234955,0.04433938614366686,0.038739774102235544,0.0414815010194938,0.040885502389735644,0.04384478201781499,0.037928144504525224,0.04152453243732453,0.04314510431140661,0.040289818981869355,0.03818233144450021,0.04320972168753887,0.04283298180847288,0.04390912248115791,0.03765073316698929
small,0.0394049429117641,0.032230002598630056,0.040714860893785954,0.03952480652581223,0.035816460923113004,0.04159348041695707,0.03778096137447117,0.027598336338996887,0.0295504629611969,0.034376709510882696,0.0408493412797304,0.03232644167211321,0.04080227389931679,0.03677444011512874,0.038780815049671055,0.038761420257851086,0.04069912677009901,0.0372023060506621,0.028156159911304712,0.03726051623622576,0.04136902608411729,0.03652082447235177,0.03941646473401267,0.04215158420859031,0.04063223121744214,0.03749347342034945,0.0404705085527541,0.03896666675910493,0.042542564209702434,0.03532288890591888,0.044695982709527016,0.042367479065433145,0.03924836149733318,0.037099458670028215,0.044528307842797245,0.04110369670861985,0.04140742628702095,0.03628259311986745
soft,0.04653414417963634,0.039297777644180236,0.05032632393496377,0.046353583718625316,0.04382970512501503,0.05578826195219668,0.042593835747760274,0.03304189443588257,0.036159176379442215,0.03880901281656914,0.05029166840455111,0.042637034736830615,0.05393621977418661,0.044262667559087275,0.04684881599185834,0.045770552564174574,0.04785399212762042,0.04393100148411198,0.035699974124630295,0.04904468283057213,0.04777267415286793,0.04379423190744556,0.04408822004670199,0.051519516791524805,0.048170833848416805,0.047074479152165026,0.05061159993273131,0.047075160257662126,0.05193255079969654,0.04576018371812578,0.05024484470486641,0.05240498621966325,0.04710299616798441,0.04483362605772269,0.052096995405661754,0.04955340739650992,0.05331335407568187,0.04366608004173192
solid,0.1299817844120224,0.09408569572175421,0.1259137892297336,0.1323592546267794,0.1292375701925029,0.15584238179219076,0.12834650509197404,0.08360636482636134,0.1020892858505249,0.10188569861631362,0.13512271599999318,0.10491184777181063,0.1356598913669586,0.12640001753774974,0.12666711978497688,0.1301227543667397,0.1356771139516717,0.12507430793314597,0.08558895004292329,0.12958140671253204,0.1360216111542634,0.12500848058455935,0.13227379201881348,0.1411296660120869,0.14351403292106546,0.12650550523220183,0.12857868090556684,0.126790963964595,0.1381910320133307,0.10467078759535856,0.1348439355691274,0.13120744928407171,0.11281595777513252,0.1169603981052329,0.12786224604614319,0.1362143194280062,0.13933748645441874,0.10865835154826721
strong,0.1359580063206308,0.1035123219356892,0.1347890878096223,0.1367718056006276,0.12942457382093397,0.16552661288352238,0.1295656538529306,0.0779545665718615,0.11314541846513748,0.10808885925110769,0.14280895611566122,0.11243097053776527,0.1466388076543808,0.1319211833178997,0.13404633285656922,0.13568715168302561,0.14175104602523472,0.1279122065932807,0.08010952994227409,0.1388273447751999,0.13681423540883028,0.12585435555229196,0.13183900340120133,0.1494055753075537,0.14586129498023254,0.13089713580425708,0.13956161236470463,0.13685666618359446,0.14649051667261376,0.1167492530888544,0.13853906840085983,0.1351394890449368,0.12263241695596817,0.12156022967537865,0.13580559130485464,0.14534888306565313,0.15090857065001198,0.1163881034322122
structured,0.11371970332198914,0.08224498425075348,0.10934241861104965,0.11478639956905332,0.11233606060411323,0.13505755222979046,0.10981648412998765,0.0605157152749598,0.08714837580919266,0.08882690906182103,0.11919873650436119,0.09100424883694484,0.12118896842002869,0.11162093721795827,0.11259401998941557,0.11301862798631192,0.12154907921129572,0.10811130403294233,0.06322947032749653,0.11456343159079552,0.11389734601147297,0.10642329326970136,0.11200654459317115,0.1252685807169752,0.12192618003431356,0.10877685367207353,0.11608517454429106,0.11186784386301218,0.12281764248977586,0.09487803796973993,0.11460903882980347,0.11116540987117618,0.1020926408311154,0.1008035073878232,0.11300932085141539,0.12184524335411948,0.12353160526863365,0.09445808198983952
tense,0.30994321659452073,0.22508755966049174,0.29420211911201477,0.3047160649378049,0.3033954744449759,0.369542443897666,0.3014072670656092,0.16563029028475285,0.24508355557918549,0.2366767117205788,0.3255850161377132,0.25544850541086034,0.3161707729101181,0.29878587829880415,0.30777876184259173,0.30405817498025056,0.3303586217787182,0.29127174615859985,0.1854080229997635,0.31597375869750977,0.3037480870080597,0.28005582591381056,0.31433478717495794,0.3699639158944289,0.32552023260098584,0.30260676859567565,0.3113320483402772,0.30132508953189135,0.33227647735677535,0.25877538996820265,0.3039534747600555,0.29554229301328844,0.26947258479065367,0.27799248198668164,0.30237359826157734,0.3303577951042027,0.33575368353298735,0.2614720072200958
ugly,0.10000761544396138,0.07778640650212765,0.09098285684982936,0.0978827242168688,0.09575942526946123,0.10764115266501903,0.09863541441358578,0.07338590361177921,0.06892940402030945,0.08527081360419592,0.10233008137727706,0.07845166485224452,0.11861652135848999,0.0946671673378279,0.09912319367912215,0.09752689825964499,0.10494521838515553,0.09524164932615617,0.07190508022904396,0.09714282117784023,0.10514180411895116,0.09087077067751023,0.09782554376490261,0.1131054014670399,0.10161629723651068,0.10246072996121186,0.10285484403371811,0.10444756264195723,0.10839210448630134,0.0875918390850226,0.11588440835475922,0.1021614319855167,0.09664598818529736,0.09816794097423553,0.10754266091518933,0.10791540302728352,0.10422676681510863,0.09482647879765584
unique,0.03273981807085321,0.026012023593834106,0.03351803286932409,0.03204665875415182,0.030227287351314365,0.036226047202944756,0.030881656249832422,0.022835975978523493,0.02458222024142742,0.02797328754003798,0.03480457383001117,0.027091979659323036,0.03505360148847103,0.03220809525923758,0.03256577286301367,0.03245244557793076,0.03368828517185258,0.03094276758611843,0.021224839240312578,0.033144235610961914,0.03301305117929587,0.029963312235971293,0.0312505895491401,0.03630333000415341,0.0341085183240895,0.03232019677913437,0.035268262588630424,0.033254953330632914,0.03499045995108428,0.028963782807003777,0.03256211616098881,0.03396599241890586,0.033077674779169106,0.03023654114222154,0.034896447108342096,0.03432318669727106,0.035579626643380456,0.029335377501353385
unpleasant,0.10012848267132496,0.08205391215377075,0.10058674322707313,0.0997770089450194,0.09589475212253143,0.10779445426804679,0.09536120133405482,0.0732279447838664,0.0747007429599762,0.08400221069304037,0.10380374108537667,0.07932740173957965,0.10777744352817535,0.09132754858079795,0.10002136114259473,0.09869142731322962,0.10410008285767756,0.09407862872650442,0.07872461838026841,0.10246876627206802,0.1028412641521464,0.09408841865145572,0.09636000354514747,0.10997991309716151,0.09926932289245281,0.10131157610920213,0.1048320425836832,0.10498620236390516,0.11010229564865487,0.09159020241349936,0.10856086015701294,0.10193771107329262,0.09948357648965789,0.09902303807919832,0.11223269626498222,0.10618244523280546,0.10409960296095871,0.0947701264530012
weak,0.037405538611215164,0.031039149559875752,0.039834931027144194,0.03737192090762698,0.03533597975119687,0.042575242618719734,0.03488810484086265,0.02549872873350978,0.027827804908156395,0.0314887492409484,0.04014843559022058,0.032508794475218344,0.041725960373878476,0.0358733509612434,0.03782192673770789,0.037010524916101475,0.03945653064419394,0.03525522083772304,0.02675894573330879,0.03820637129247188,0.03811606024808689,0.03534611128270626,0.03574665857688762,0.041053164528046616,0.03924706743027155,0.03708239220162873,0.040402272007673795,0.037877377366807574,0.04205633860239583,0.03657531952661163,0.042641202360391615,0.04148676977134668,0.03810884082253943,0.03611538360128179,0.04343230141008773,0.039941367199532236,0.04069380756727485,0.035079530425642796
